,Title,Vues
0,Situation de la famine en Afrique de l'ouest et l'Afrique centrale : 55 millions de personnes...,49.0
1,JOLIBA FOCUSğŸš¨ğŸ“ºğŸ™,423.0
2,JÃ’KÃ’NÃ’ğŸ¥…ğŸ‡²ğŸ‡±ğŸ™,310.0
3,JÃ’KÃ’NÃ’ğŸ¥…ğŸ‡²ğŸ‡±ğŸ™,319.0
4,"Suspension des activitÃ©s des partis et associations politiques, Abdoulaye DIOP s'exprime...",7700.0
5,POINT DE PRESSE,573.0
6,COUP DE COEUR - COUP DE GUEULE,2100.0
7,EN TOUTE LIBERTÃ‰ ğŸ“ºğŸ™ğŸ—£,878.0
8,EN TOUTE LIBERTÃ‰ ğŸ“ºğŸ™ğŸ—£,317.0
9,JÃ’KÃ’NÃ’ğŸ¥…ğŸ‡²ğŸ‡±ğŸ™,671.0
10,JÃ’KÃ’NÃ’ğŸ¥…ğŸ‡²ğŸ‡±ğŸ™,442.0
11,InvitÃ© Culture ğŸºğŸ·ğŸ¥,148.0
12,"Mali : FestivitÃ©s de la 21Ã¨me Ã©dition de la JournÃ©e de la Francophonie, UCAO-UUBa reÃ§oit les...",69.0
13,Carnet de SantÃ© : Comprendre lâ€™asthme,80.0
14,Gaz Butane : entre mÃ©vente et la hausse du prix dans les magasins,169.0
15,InsÃ©curitÃ© alimentaire au Mali : 4 020 622 personnes en situation de dÃ©tresse,334.0
16,LE RDI ğŸ‡²ğŸ‡±ğŸ’¡ğŸ—£,3700.0
17,LE RDI ğŸ‡²ğŸ‡±ğŸ’¡ğŸ—£,5100.0
18,Semaine nationale des symboles de lâ€™Ã‰tat : session dâ€™Ã©changes avec la Cour SuprÃªme du Mali,84.0
19,Mali : remise du rapport des Ã‰tats gÃ©nÃ©raux de lâ€™Ã‰ducation au PrÃ©sident de la Transition,406.0
20,Mali : rencontre d'Ã©changes entre les Maires des zones PDREASÃ  moins d'un an de la fin du projet,62.0
21,"SWEED-Mali : 8 ans au service des femmes, des rÃ©sultats significatifs pour le projet",32.0
22,LE RDIğŸ‡²ğŸ‡±ğŸ’¡ğŸ—£,288.0
23,LE RDIğŸ‡²ğŸ‡±ğŸ’¡ğŸ—£,313.0
24,LE RDIğŸ‡²ğŸ‡±ğŸ’¡ğŸ—£,200.0
25,1CoopÃ©ration Mali-Russie : le Ministre Abdoulaye Diop Ã  Moscou fÃ©licite Â« le niveau stratÃ©gique Â»...,168.0
26,JÃ’KÃ’NÃ’ ğŸ¥…ğŸ“ºğŸ‡²ğŸ‡±,390.0
27,JÃ’KÃ’NÃ’ ğŸ¥…ğŸ“ºğŸ‡²ğŸ‡±,178.0
28,MAG EMPLOI ğŸ‘¨â€ğŸ’¼ğŸ“,43.0
29,JOLIBA FOCUSğŸš¨ğŸ“º,298.0
30,JOLIBA FOCUSğŸš¨ğŸ“º,142.0
31,JÃ’KÃ’NÃ’ ğŸ¥…ğŸ‡²ğŸ‡± ğŸ“º,317.0
32,JÃ’KÃ’NÃ’ ğŸ¥…ğŸ‡²ğŸ‡± ğŸ“º,264.0
33,MAG EMPLOI,57.0
34,Ã‰DITION SPÃ‰CIALE ğŸš¨ CAN âš½,73.0
35,"Incendie : grand marchÃ© de Bamako, Â« Dabanani Â» en feu",638.0
36,"Incendie : grand marchÃ© de Bamako, Â« Dabanani Â» en feu",860.0
37,"Mali : viande de chien et biÃ¨re de mil, une prÃ©dilection chez les Miniankas",500.0
38,Retrait du Mali de la CEDEAO : soutien des populations de la rÃ©gion de Tombouctou,268.0
39,"Lancement officiel du livre ""Le secteur agricole au Mali, Ã©volution et perspectives""",90.0
40,LE RDIğŸ“ºğŸ—£ğŸ‡²ğŸ‡±,300.0
41,"LittÃ©rature : cÃ©rÃ©monie d'annonce des laurÃ©ats au ""concours d'Ã©criture jeunes maliens"" 2023",31.0
42,Carnet de santÃ© : comprendre la cardiomyopathie du pÃ©ripartum,9.0
43,Mali : Sky Mali prÃ©sente ses nouvelles perspectives pour les prochaines annÃ©es,104.0
44,"Mali : l'association culturelle ""CÃ´te cour"" dotÃ©e d'un centre et de matÃ©riels par la Giz",27.0
45,"Culture : la communautÃ© KhassokÃ© de Bamako organise un ""Sandiya""",70.0
46,"Mali : stage national de Shuto Ryu, un art martial prÃ´nant paix et cohÃ©sion",53.0
47,Quelques rÃ©actions des Aigles du Mali aprÃ¨s la victoire face au Burkina Faso (2-1) en huitiÃ¨me de...,437.0
48,JÃ’KÃ’NÃ’,109.0
49,JÃ’KÃ’NÃ’ğŸ¥…ğŸ‡²ğŸ‡± ğŸ“ºğŸ™,105.0
50,"RÃ©action du SÃ©lectionneur national adjoint, Aliou Badra DIALLO dit Conty, aprÃ¨s le nul 0-0 face Ã ...",82.0
51,RÃ©action de Kamory DOUMBIA et Aliou NDIENG aprÃ¨s le match nul 0-0 face Ã  la Namibie,145.0
52,EN TOUTE LIBERTÃ‰ ğŸ“ºğŸ™ğŸ—£,85.0
53,"Mali : Ã‰tats gÃ©nÃ©raux de l'Ã©ducation, des propositions pour une refondation du systÃ¨me",60.0
54,"Mali : Ã‰tats gÃ©nÃ©raux de l'Ã©ducation, les dÃ©bats autour d'une nouvelle Ã©cole pour le pays",46.0
55,EN TOUTE LIBERTÃ‰ ğŸ“ºğŸ™ğŸ—£,157.0
56,Mali : Ã‰tats gÃ©nÃ©raux de l'Ã©ducation pour la Â« refondation Â» du systÃ¨me Ã©ducatif malien,69.0
57,Mali : Lancement Officiel du Mouvement MPSN-MALI-KANU couplÃ© Ã  la CommÃ©moration de la JournÃ©e de...,45.0
58,"Mali : cÃ©lÃ©bration de la JournÃ©e de la souverainetÃ© retrouvÃ©e Ã  Gao, un ""rendez-vous de tous les...",71.0
59,"Mali : l'extraction du sable, premiÃ¨re activitÃ© Ã©conomique de Koulikoro",104.0
60,"Mali : Assimi GOÃTA explique les contours de la rÃ©trocession du camp de Tessalit, Aguelhok et...",656.0
61,"Mali : affaire dÃ©pÃ´t d'ordures de Lafiabougou, un dilemme cornÃ©lien",71.0
62,"Mali : les noms de famille, parcours de noblesse, un voyage Ã  travers lâ€™histoire et la culture...",69.0
63,Mali : CÃ©lÃ©bration de la JournÃ©e nationale de la souverainetÃ© retrouvÃ©e Ã  SÃ©gou par le Ministre...,67.0
64,"Mali : engagement de la CommunautÃ© Idaksahak Ã  Gao pour le vivre-ensemble, la paix et le dialogue...",167.0
65,RentrÃ©e 2024 de la JCI Mali : un mandat placÃ© sous le leadership et lâ€™entrepreneuriat jeune,57.0
66,GRIN_PAWğŸ¤ğŸ‡²ğŸ‡±ğŸ—£,376.0
67,"Mali : DÃ©cÃ¨s de Seydou TOURÃ‰ dougoutigi, un monument culturel sâ€™Ã©croule",221.0
68,"Les Â« aventures de SÃ©ko BoirÃ© Saison 2 Â» : La SÃ©rie revient, plus attendue que jamais !",495.0
69,Dialogue inter Maliens : Le gouverneur de Tombouctou rencontre les lÃ©gitimitÃ©s traditionnelles...,91.0
70,JÃ’KÃ’NÃ’,98.0
71,Mali : Â« La transition est menacÃ©e. Nous devons sauver l'espoir qu'elle a suscitÃ© Â» alerte Moussa...,294.0
72,"Mali : 2Ã¨me Ã©dition de la Semaine de la justice, Â« des rÃ©formes innovantes pour une justice...",37.0
73,"Mali : PÃ©piniÃ¨re, une histoire de domestication des plantes",31.0
74,"Mali : ""Mali Tourisme entend redoubler d'efforts pour la promotion du secteur en 2024",44.0
75,"Mali-AlgÃ©rie : dÃ©crispation des relations diplomatiques, retour des ambassadeurs",134.0
76,"Mali : lancement du festival Garba "" spÃ©cial CAN""",117.0
77,INVITÃ‰ CULTUREğŸ·ğŸºğŸ»,87.0
78,"Mali : chou pommÃ©, le prix du lÃ©gume Ã  la hausse malgrÃ© son abondance",107.0
79,"Mali : l'ouverture du 14e congrÃ¨s du SYNTADE, du renouveau au menu",131.0
80,Joliba_RapğŸ¤ğŸ“»ğŸ“ºğŸ‡²ğŸ‡± Grin_Paw ğŸŠğŸ˜,652.0
81,Mali : dans l'ambiance des festivitÃ©s du 31 dÃ©cembre,78.0
82,Au-delÃ  des chantiers : la fÃªte inÃ©dite des jeunes ruraux Ã  Bamako,54.0
83,Mali : le PrÃ©sident de la transition annonce un nouveau processus de paix pour remplacer l'Accord...,134.0
84,Joliba_RapğŸ¤©ğŸ¤ğŸ‡²ğŸ‡±,58.0
85,Joliba_RapğŸ¤©ğŸ¤ğŸ‡²ğŸ‡±,45.0
86,Joliba_RapğŸ¤©ğŸ¤ğŸ‡²ğŸ‡±,42.0
87,Joliba_RapğŸ¤©ğŸ¤ğŸ‡²ğŸ‡±,107.0
88,"Page Noir : Oumou DIARRA dite DiÃ¨man, silence radio pour l'Ã©ternitÃ©",206.0
89,"Mali : ResponsabilitÃ© SociÃ©tale des UniversitÃ©s, ""DÃ©fis et perspectives pour l'employabilitÃ©...",34.0
90,"Mali : Point de presse du SYNABEF, le syndicat mÃ©content de certains responsables de structures...",63.0
91,"Mali : Conseil d'Administration de l'INPS pour l'exercice 2023 2024, des progrÃ¨s significatifs...",118.0
92,JÃ’KÃ’NÃ’ ğŸ¥…ğŸ“ºğŸ‡²ğŸ‡±,178.0
93,JÃ’KÃ’NÃ’ ğŸ¥…ğŸ“ºğŸ‡²ğŸ‡±,194.0
94,LE RDIğŸ‡²ğŸ‡±ğŸ’¡ğŸ—£,368.0
95,LE RDIğŸ‡²ğŸ‡±ğŸ’¡ğŸ—£,195.0
96,LE RDI ğŸ‡²ğŸ‡±ğŸ’¡ğŸ—£,553.0
97,"Mali : Chapitre inÃ©dit, les stratÃ©gies des Bamakois face au froid ""Inhabituel""",135.0
98,"InvitÃ©e Culture - Mme SISSOKO Fadima AlZahra TOURÃ‰, Promotrice du projet ""Bamako Parc Magic""",89.0
99,"Mali : 3e journÃ©e de la semaine socio-sanitaire de l'ADS+ Ã  DjennÃ©, les dÃ©placÃ©s internes du camp...",78.0
100,JournÃ©es du Poisson : sÃ©curitÃ© alimentaire et crÃ©ation d'emplois au cÅ“ur de la 2e Ã©dition,55.0
101,BECEAO : JournÃ©e annuelle de la diffusion des comptes extÃ©rieurs du Mali au titre de l'annÃ©e 2022,32.0
102,"Mali : lâ€™ArmÃ©e nationale de retour Ã  Aguelhok, ville aux souvenirs sanglants",100.0
103,"Mali : Du coton au pagne, une histoire, un mÃ©tier, un quotidien pour la tisserande Djeneba TRAORÃ‰",100.0
104,Mali : 300 dÃ©tenteurs des savoirs ancestraux attendus Ã  Bamako pour une grande confÃ©rence,70.0
105,"Mali : clÃ´ture des 16 jours dâ€™activisme Ã  Tombouctou, engagement des autoritÃ©s rÃ©gionales pour...",63.0
106,"Mali : le consortium ARDIL, CAID aux cÃ´tÃ©s dâ€™une soixantaine de rescapÃ©s du bateau Tombouctou...",35.0
107,"Mali : Concert live Ã  l'institut franÃ§ais du Mali, Habib KoitÃ© Ã  l'honneur",73.0
108,"Mali : Â« Les Maximes de Salimata Doumbia Â», une nouvelle Å“uvre dans la bibliographie malienne",35.0
109,CafÃ©s politiques du NIMD Mali : Le dernier numÃ©ro de lâ€™annÃ©e autour du dialogue politique et...,30.0
110,Mali : Atelier de dissÃ©mination de l'ONG SECO Ã  travers son programme Benkadi,26.0
111,"Mali : CÃ©rÃ©monie de clÃ´ture officielle de la MINUSMA, aprÃ¨s 10 ans dâ€™engagement dans le pays",43.0
112,"L'Ã©cole de la communication : ""les messages Ã  vÃ©hiculer dans les diffÃ©rents espaces oraux d'une...",28.0
113,"Mali : RÃ©colte collective, une histoire de solidaritÃ© Ã  Kola",87.0
114,"Mali : 4e rendez-vous annuel du REMAPSEN, le VIH pÃ©diatrique au cÅ“ur des Ã©changes",29.0
115,Mali : Search For Common Ground lance officiellement son projet d'accÃ¨s Ã  l'eau dans les rÃ©gions...,21.0
116,"Mali : Projet dâ€™autonomisation des femmes dans la santÃ©, dÃ©ploiement de 150 sages-femmes dans 120...",17.0
117,"Mali : 1Ã¨re Ã©dition de la Ligue des Entrepreneurs, facteur de cohÃ©sion et de brassage entre les...",41.0
118,Mali : Remise de don au Centre Djiguiya Bon de Daoudabougou,70.0
119,Mali : Traditionnelle marche sportive et citoyenne du MinistÃ¨re des Sports dans la rÃ©gion de...,32.0
